year,country,revenue
X2012,Algeria,310.28
X2012,Albania,64.592
X2012,Angola,203.659
X2012,Argentina,1510.638
X2012,Armenia,46.127
X2012,Australia,3659.469
X2012,Austria,1345.581
X2012,Azerbaijan,145.283
X2012,Bahrain,67.797
X2012,Bangladesh,568.875
X2012,Belarus,118.924
X2012,Belgium,1420.931
X2012,Belize,6.892
X2012,Benin,38.059
X2012,Bhutan,7.133
X2012,Bolivia,104.092
X2012,Bosnia and Herzegovina,55.912
X2012,Botswana,24.824
X2012,Brazil,6199.836
X2012,Brunei Darussalam,12.998
X2012,Bulgaria,196.566
X2012,Burkina Faso,58.122
X2012,Burundi,30.388
X2012,Cambodia,88.291
X2012,Cameroon,93.883
X2012,Canada,4743.395
X2012,Chad,48.764
X2012,Chile,541.323
X2012,China,27149.739
X2012,Colombia,631.288
X2012,Costa Rica,180.03
X2012,Croatia,211.64
X2012,Cuba,213.52
X2012,Cyprus,111.556
X2012,Czech Republic,517.8
X2012,Denmark,1021.433
X2012,Dominican Republic,231.92
X2012,Ecuador,215.424
X2012,"Egypt, Arab Rep.",736.185
X2012,El Salvador,91.27
X2012,Equatorial Guinea,13.487
X2012,Estonia,63.623
X2012,Ethiopia,391.015
X2012,Fiji,12.939
X2012,Finland,560.093
X2012,France,13465.604
X2012,Gabon,17.669
X2012,"Gambia, The",8.307
X2012,Georgia,48.323
X2012,Germany,10108.724
X2012,Ghana,127.05
X2012,Greece,800.711
X2012,Guatemala,199.056
X2012,Guinea,41.105
X2012,Guyana,9.601
X2012,Haiti,78.817
X2012,Honduras,91.987
X2012,Hungary,367.056
X2012,Iceland,30.065
X2012,India,3837.422
X2012,Indonesia,1420.468
X2012,"Iran, Islamic Rep.",534.704
X2012,Iraq,620.601
X2012,Ireland,514.412
X2012,Israel,575.186
X2012,Italy,10859.143
X2012,Cote d'Ivoire,88.601
X2012,Jamaica,105.214
X2012,Japan,22086.673
X2012,Jordan,188.135
X2012,Kazakhstan,244.864
X2012,Kenya,165.037
X2012,Kuwait,450.806
X2012,Kyrgyz Republic,38.628
X2012,Lao PDR,45.876
X2012,Latvia,60.962
X2012,Lebanon,319.284
X2012,Lesotho,8.669
X2012,Lithuania,97.801
X2012,Luxembourg,200.491
X2012,Madagascar,85.959
X2012,Malawi,50.063
X2012,Malaysia,1310.987
X2012,Malta,39.439
X2012,Mauritius,29.593
X2012,Mexico,3009.319
X2012,Moldova,38.674
X2012,Mongolia,23.38
X2012,Montenegro,17.984
X2012,Morocco,309.923
X2012,Mozambique,88.705
X2012,Myanmar,191.867
X2012,Namibia,23.195
X2012,Nepal,110.311
X2012,Netherlands,1986.315
X2012,New Zealand,447.918
X2012,Nicaragua,49.437
X2012,Niger,63.161
X2012,Nigeria,545.354
X2012,North Macedonia,27.366
X2012,Norway,1030.347
X2012,Oman,101.35
X2012,Pakistan,591.366
X2012,Panama,216.43
X2012,Papua New Guinea,29.384
X2012,Paraguay,73.84
X2012,Peru,378.728
X2012,Philippines,813.865
X2012,Poland,1112.677
X2012,Portugal,795.086
X2012,Qatar,267.242
X2012,"Congo, Rep.",23.049
X2012,Romania,351.454
X2012,Russian Federation,4460.775
X2012,Rwanda,45.145
X2012,Saudi Arabia,2524.701
X2012,Senegal,64.334
X2012,Serbia,96.841
X2012,Seychelles,3.111
X2012,Sierra Leone,23.918
X2012,Singapore,1749.067
X2012,Slovak Republic,190.861
X2012,Slovenia,123.923
X2012,"Korea, Rep.",3137.563
X2012,South Africa,652.703
X2012,Spain,5375.429
X2012,Sri Lanka,169.298
X2012,Sudan,152.446
X2012,Suriname,8.314
X2012,Sweden,1475.708
X2012,Switzerland,2483.299
X2012,Tajikistan,41.501
X2012,Tanzania,221.449
X2012,Thailand,702.747
X2012,Timor-Leste,5.566
X2012,Togo,28.157
X2012,Tunisia,125.671
X2012,Turkey,1914.683
X2012,Turkmenistan,32.648
X2012,Uganda,147.786
X2012,Ukraine,620.601
X2012,United Arab Emirates,646.045
X2012,United Kingdom,9497.236
X2012,United States,50249.247
X2012,Uruguay,164.2
X2012,Uzbekistan,112.741
X2012,Vietnam,519.16
X2012,Zambia,65.803
X2012,Zimbabwe,60.785
X2013,Algeria,347.584
X2013,Albania,69.485
X2013,Angola,290.997
X2013,Argentina,1587.05
X2013,Armenia,50.449
X2013,Australia,4120.688
X2013,Austria,1512.315
X2013,Azerbaijan,153.969
X2013,Bahrain,74.206
X2013,Bangladesh,599.403
X2013,Belarus,132.109
X2013,Belgium,1547.605
X2013,Belize,7.368
X2013,Benin,41.149
X2013,Bhutan,7.895
X2013,Bolivia,113.631
X2013,Bosnia and Herzegovina,59.458
X2013,Botswana,27.835
X2013,Brazil,6654.485
X2013,Brunei Darussalam,13.269
X2013,Bulgaria,213.067
X2013,Burkina Faso,63.96
X2013,Burundi,32.682
X2013,Cambodia,93.356
X2013,Cameroon,106.423
X2013,Canada,5189.344
X2013,Chad,52.58
X2013,Chile,609.401
X2013,China,29498.223
X2013,Colombia,711.844
X2013,Costa Rica,202.902
X2013,Croatia,226.011
X2013,Cuba,225.899
X2013,Cyprus,116.508
X2013,Czech Republic,534.394
X2013,Denmark,1039.613
X2013,Dominican Republic,256.82
X2013,Ecuador,239.56
X2013,"Egypt, Arab Rep.",889.5
X2013,El Salvador,106.715
X2013,Equatorial Guinea,14.951
X2013,Estonia,82.83
X2013,Ethiopia,427.261
X2013,Fiji,13.575
X2013,Finland,653.748
X2013,France,14117.818
X2013,Gabon,18.88
X2013,"Gambia, The",9.275
X2013,Georgia,52.9
X2013,Germany,11165.946
X2013,Ghana,139.672
X2013,Greece,895.921
X2013,Guatemala,214.87
X2013,Guinea,44.172
X2013,Guyana,9.967
X2013,Haiti,87.32
X2013,Honduras,97.839
X2013,Hungary,387.365
X2013,Iceland,33.009
X2013,India,4240.77
X2013,Indonesia,1509.311
X2013,"Iran, Islamic Rep.",602.466
X2013,Iraq,604.698
X2013,Ireland,568.593
X2013,Israel,678.184
X2013,Italy,11981.391
X2013,Cote d'Ivoire,95.807
X2013,Jamaica,114.213
X2013,Japan,22481.124
X2013,Jordan,215.08
X2013,Kazakhstan,269.36
X2013,Kenya,177.203
X2013,Kuwait,495.299
X2013,Kyrgyz Republic,40.95
X2013,Lao PDR,51.351
X2013,Latvia,73.446
X2013,Lebanon,349.29
X2013,Lesotho,9.46
X2013,Lithuania,104.581
X2013,Luxembourg,211.859
X2013,Madagascar,93.242
X2013,Malawi,53.837
X2013,Malaysia,1405.377
X2013,Malta,44.712
X2013,Mauritius,31.801
X2013,Mexico,3312.936
X2013,Moldova,43.159
X2013,Mongolia,24.757
X2013,Montenegro,18.931
X2013,Morocco,354.279
X2013,Mozambique,96.392
X2013,Myanmar,216.818
X2013,Namibia,26.367
X2013,Nepal,117.331
X2013,Netherlands,2133.518
X2013,New Zealand,486.817
X2013,Nicaragua,52.974
X2013,Niger,68.805
X2013,Nigeria,637.84
X2013,North Macedonia,29.612
X2013,Norway,1110.172
X2013,Oman,115.891
X2013,Pakistan,595.746
X2013,Panama,252.775
X2013,Papua New Guinea,30.846
X2013,Paraguay,80.99
X2013,Peru,464.354
X2013,Philippines,888.661
X2013,Poland,1175.21
X2013,Portugal,874.914
X2013,Qatar,332.477
X2013,"Congo, Rep.",24.765
X2013,Romania,370.637
X2013,Russian Federation,4720.239
X2013,Rwanda,49.269
X2013,Saudi Arabia,2870.781
X2013,Senegal,70.78
X2013,Serbia,105.851
X2013,Seychelles,3.404
X2013,Sierra Leone,26.205
X2013,Singapore,1815.196
X2013,Slovak Republic,201.899
X2013,Slovenia,133.149
X2013,"Korea, Rep.",3495.371
X2013,South Africa,729.183
X2013,Spain,5794.384
X2013,Sri Lanka,190.536
X2013,Sudan,165.646
X2013,Suriname,8.973
X2013,Sweden,1717.592
X2013,Switzerland,2576.64
X2013,Tajikistan,43.105
X2013,Tanzania,246.15
X2013,Thailand,774.822
X2013,Timor-Leste,6.037
X2013,Togo,30.871
X2013,Tunisia,142.689
X2013,Turkey,2200.255
X2013,Turkmenistan,33.606
X2013,Uganda,158.886
X2013,Ukraine,604.698
X2013,United Arab Emirates,765.801
X2013,United Kingdom,10094.582
X2013,United States,54541.741
X2013,Uruguay,172.678
X2013,Uzbekistan,117.014
X2013,Vietnam,556.376
X2013,Zambia,72.736
X2013,Zimbabwe,65.969
X2014,Algeria,368.687
X2014,Albania,71.377
X2014,Angola,323.37
X2014,Argentina,1625.121
X2014,Armenia,53.186
X2014,Australia,4243.694
X2014,Austria,1630.631
X2014,Azerbaijan,159.917
X2014,Bahrain,88.72
X2014,Bangladesh,640.1
X2014,Belarus,136.121
X2014,Belgium,1612.788
X2014,Belize,7.464
X2014,Benin,43.896
X2014,Bhutan,8.275
X2014,Bolivia,122.955
X2014,Bosnia and Herzegovina,60.691
X2014,Botswana,30.094
X2014,Brazil,6804.602
X2014,Brunei Darussalam,13.342
X2014,Bulgaria,215.673
X2014,Burkina Faso,68.951
X2014,Burundi,35.373
X2014,Cambodia,101.522
X2014,Cameroon,115.307
X2014,Canada,5501.723
X2014,Chad,57.119
X2014,Chile,636.011
X2014,China,30650.435
X2014,Colombia,761.251
X2014,Costa Rica,222.477
X2014,Croatia,231.942
X2014,Cuba,236.32
X2014,Cyprus,116.607
X2014,Czech Republic,547.252
X2014,Denmark,1063.44
X2014,Dominican Republic,282.463
X2014,Ecuador,254.487
X2014,"Egypt, Arab Rep.",908.876
X2014,El Salvador,115.32
X2014,Equatorial Guinea,15.431
X2014,Estonia,91.524
X2014,Ethiopia,462.261
X2014,Fiji,14.013
X2014,Finland,672.345
X2014,France,14365.336
X2014,Gabon,18.727
X2014,"Gambia, The",9.927
X2014,Georgia,55.906
X2014,Germany,11573.89
X2014,Ghana,148.43
X2014,Greece,934.591
X2014,Guatemala,230.958
X2014,Guinea,47.463
X2014,Guyana,9.93
X2014,Haiti,93.426
X2014,Honduras,101.786
X2014,Hungary,407.282
X2014,Iceland,35.176
X2014,India,4642.72
X2014,Indonesia,1601.467
X2014,"Iran, Islamic Rep.",675.07
X2014,Iraq,520.605
X2014,Ireland,626.992
X2014,Israel,747.087
X2014,Italy,12152.155
X2014,Cote d'Ivoire,105.628
X2014,Jamaica,121.739
X2014,Japan,23322.697
X2014,Jordan,228.741
X2014,Kazakhstan,280.7
X2014,Kenya,185.384
X2014,Kuwait,534.819
X2014,Kyrgyz Republic,42.544
X2014,Lao PDR,57.519
X2014,Latvia,84.307
X2014,Lebanon,371.355
X2014,Lesotho,10.013
X2014,Lithuania,109.098
X2014,Luxembourg,211.986
X2014,Madagascar,100.974
X2014,Malawi,57.901
X2014,Malaysia,1391.502
X2014,Malta,47.839
X2014,Mauritius,33.514
X2014,Mexico,3569.292
X2014,Moldova,43.921
X2014,Mongolia,26.525
X2014,Montenegro,19.887
X2014,Morocco,373.433
X2014,Mozambique,103.188
X2014,Myanmar,257.052
X2014,Namibia,29.099
X2014,Nepal,125.119
X2014,Netherlands,2229.769
X2014,New Zealand,564.215
X2014,Nicaragua,55.934
X2014,Niger,75.351
X2014,Nigeria,645.941
X2014,North Macedonia,30.943
X2014,Norway,1111.268
X2014,Oman,130.637
X2014,Pakistan,588.975
X2014,Panama,277.294
X2014,Papua New Guinea,32.399
X2014,Paraguay,85.008
X2014,Peru,511.919
X2014,Philippines,967.314
X2014,Poland,1215.948
X2014,Portugal,906.82
X2014,Qatar,409.812
X2014,"Congo, Rep.",25.36
X2014,Romania,383.894
X2014,Russian Federation,4622.861
X2014,Rwanda,53.931
X2014,Saudi Arabia,3306.925
X2014,Senegal,78.132
X2014,Serbia,112.77
X2014,Seychelles,3.498
X2014,Sierra Leone,28.245
X2014,Singapore,1812.74
X2014,Slovak Republic,213.041
X2014,Slovenia,134.517
X2014,"Korea, Rep.",3836.932
X2014,South Africa,784.838
X2014,Spain,5975.739
X2014,Sri Lanka,226.324
X2014,Sudan,179.966
X2014,Suriname,8.714
X2014,Sweden,1902.791
X2014,Switzerland,2818.084
X2014,Tajikistan,43.141
X2014,Tanzania,267.219
X2014,Thailand,850.8
X2014,Timor-Leste,6.33
X2014,Togo,33.178
X2014,Tunisia,144.36
X2014,Turkey,2346.249
X2014,Turkmenistan,33.979
X2014,Uganda,171.891
X2014,Ukraine,520.605
X2014,United Arab Emirates,909.954
X2014,United Kingdom,11771.174
X2014,United States,58847.197
X2014,Uruguay,174.02
X2014,Uzbekistan,122.819
X2014,Vietnam,588.417
X2014,Zambia,80.19
X2014,Zimbabwe,71.571
X2015,Algeria,358.35
X2015,Albania,75.004
X2015,Angola,304.439
X2015,Argentina,1646.186
X2015,Armenia,54.886
X2015,Australia,4164.928
X2015,Austria,1741.326
X2015,Azerbaijan,167.681
X2015,Bahrain,112.364
X2015,Bangladesh,655.465
X2015,Belarus,134.065
X2015,Belgium,1653.426
X2015,Belize,7.463
X2015,Benin,44.758
X2015,Bhutan,8.317
X2015,Bolivia,128.864
X2015,Bosnia and Herzegovina,61.891
X2015,Botswana,31.165
X2015,Brazil,6630.012
X2015,Brunei Darussalam,13.993
X2015,Bulgaria,217.619
X2015,Burkina Faso,70.772
X2015,Burundi,36.9
X2015,Cambodia,107.39
X2015,Cameroon,117.709
X2015,Canada,5556.154
X2015,Chad,59.534
X2015,Chile,648.547
X2015,China,30823.628
X2015,Colombia,757.942
X2015,Costa Rica,234.62
X2015,Croatia,240.161
X2015,Cuba,242.897
X2015,Cyprus,119.906
X2015,Czech Republic,568.635
X2015,Denmark,1111.936
X2015,Dominican Republic,306.082
X2015,Ecuador,259.743
X2015,"Egypt, Arab Rep.",862.411
X2015,El Salvador,116.29
X2015,Equatorial Guinea,15.212
X2015,Estonia,93.217
X2015,Ethiopia,481.5
X2015,Fiji,14.709
X2015,Finland,664.958
X2015,France,14360.175
X2015,Gabon,18.428
X2015,"Gambia, The",10.165
X2015,Georgia,58.497
X2015,Germany,11738.341
X2015,Ghana,151.634
X2015,Greece,964.392
X2015,Guatemala,239.786
X2015,Guinea,48.942
X2015,Guyana,9.785
X2015,Haiti,92.938
X2015,Honduras,103.689
X2015,Hungary,439.293
X2015,Iceland,42.151
X2015,India,4932.115
X2015,Indonesia,1668.07
X2015,"Iran, Islamic Rep.",707.908
X2015,Iraq,454.185
X2015,Ireland,707.529
X2015,Israel,800.116
X2015,Italy,12171.771
X2015,Cote d'Ivoire,111.959
X2015,Jamaica,126.42
X2015,Japan,23850.808
X2015,Jordan,231.695
X2015,Kazakhstan,276.559
X2015,Kenya,190.667
X2015,Kuwait,554.276
X2015,Kyrgyz Republic,41.385
X2015,Lao PDR,59.841
X2015,Latvia,88.841
X2015,Lebanon,385.987
X2015,Lesotho,10.14
X2015,Lithuania,114.495
X2015,Luxembourg,207.785
X2015,Madagascar,106.548
X2015,Malawi,59.938
X2015,Malaysia,1305.641
X2015,Malta,51.634
X2015,Mauritius,34.917
X2015,Mexico,3647.148
X2015,Moldova,43.454
X2015,Mongolia,28.635
X2015,Montenegro,20.871
X2015,Morocco,377.39
X2015,Mozambique,105.454
X2015,Myanmar,283.379
X2015,Namibia,29.442
X2015,Nepal,128.089
X2015,Netherlands,2318.95
X2015,New Zealand,687.319
X2015,Nicaragua,58.94
X2015,Niger,79.387
X2015,Nigeria,653.88
X2015,North Macedonia,31.683
X2015,Norway,1085.996
X2015,Oman,141.258
X2015,Pakistan,593.951
X2015,Panama,290.158
X2015,Papua New Guinea,32.605
X2015,Paraguay,84.723
X2015,Peru,524.405
X2015,Philippines,1020.968
X2015,Poland,1260.492
X2015,Portugal,941.89
X2015,Qatar,466.46
X2015,"Congo, Rep.",24.827
X2015,Romania,398.771
X2015,Russian Federation,4320.661
X2015,Rwanda,57.135
X2015,Saudi Arabia,3642.907
X2015,Senegal,82.328
X2015,Serbia,117.872
X2015,Seychelles,3.66
X2015,Sierra Leone,28.916
X2015,Singapore,1765.722
X2015,Slovak Republic,222.526
X2015,Slovenia,136.923
X2015,"Korea, Rep.",4455.959
X2015,South Africa,805.443
X2015,Spain,6205.138
X2015,Sri Lanka,254.337
X2015,Sudan,187.782
X2015,Suriname,7.83
X2015,Sweden,1851.776
X2015,Switzerland,3017.457
X2015,Tajikistan,40.779
X2015,Tanzania,278.754
X2015,Thailand,886.411
X2015,Timor-Leste,6.762
X2015,Togo,34.078
X2015,Tunisia,132.413
X2015,Turkey,2269.92
X2015,Turkmenistan,34.185
X2015,Uganda,179.248
X2015,Ukraine,454.185
X2015,United Arab Emirates,1031.758
X2015,United Kingdom,13292.945
X2015,United States,60882.496
X2015,Uruguay,173.358
X2015,Uzbekistan,125.457
X2015,Vietnam,603.542
X2015,Zambia,84.114
X2015,Zimbabwe,73.886
X2016,Algeria,336.326
X2016,Albania,81.227
X2016,Angola,273.458
X2016,Argentina,1653.913
X2016,Armenia,58.029
X2016,Australia,4196.437
X2016,Austria,1864.689
X2016,Azerbaijan,181.082
X2016,Bahrain,136.533
X2016,Bangladesh,678.692
X2016,Belarus,134.282
X2016,Belgium,1715.78
X2016,Belize,7.571
X2016,Benin,44.949
X2016,Bhutan,8.535
X2016,Bolivia,130.925
X2016,Bosnia and Herzegovina,66.299
X2016,Botswana,31.897
X2016,Brazil,6449.844
X2016,Brunei Darussalam,14.912
X2016,Bulgaria,232.004
X2016,Burkina Faso,71.453
X2016,Burundi,37.506
X2016,Cambodia,114.435
X2016,Cameroon,117.72
X2016,Canada,5453.71
X2016,Chad,60.01
X2016,Chile,683.341
X2016,China,31711.894
X2016,Colombia,738.507
X2016,Costa Rica,242.393
X2016,Croatia,260.907
X2016,Cuba,247.975
X2016,Cyprus,131.896
X2016,Czech Republic,602.556
X2016,Denmark,1184.636
X2016,Dominican Republic,322.371
X2016,Ecuador,256.783
X2016,"Egypt, Arab Rep.",838.006
X2016,El Salvador,111.736
X2016,Equatorial Guinea,15.298
X2016,Estonia,97.662
X2016,Ethiopia,494.351
X2016,Fiji,15.622
X2016,Finland,683.71
X2016,France,14806.584
X2016,Gabon,18.873
X2016,"Gambia, The",10.278
X2016,Georgia,65.366
X2016,Germany,12242.875
X2016,Ghana,151.294
X2016,Greece,1009.262
X2016,Guatemala,239.842
X2016,Guinea,49.208
X2016,Guyana,9.884
X2016,Haiti,88.262
X2016,Honduras,103.713
X2016,Hungary,482.469
X2016,Iceland,56.286
X2016,India,5323.422
X2016,Indonesia,1793.419
X2016,"Iran, Islamic Rep.",703.248
X2016,Iraq,440.161
X2016,Ireland,811.062
X2016,Israel,822.761
X2016,Italy,12528.202
X2016,Cote d'Ivoire,114.439
X2016,Jamaica,128.582
X2016,Japan,25010.232
X2016,Jordan,233.048
X2016,Kazakhstan,277.031
X2016,Kenya,193.846
X2016,Kuwait,559.145
X2016,Kyrgyz Republic,41.511
X2016,Lao PDR,62.132
X2016,Latvia,90.473
X2016,Lebanon,398.627
X2016,Lesotho,10.06
X2016,Lithuania,124.652
X2016,Luxembourg,211.179
X2016,Madagascar,109.176
X2016,Malawi,60.719
X2016,Malaysia,1271.405
X2016,Malta,57.546
X2016,Mauritius,34.373
X2016,Mexico,3632.59
X2016,Moldova,45.354
X2016,Mongolia,32.076
X2016,Montenegro,22.596
X2016,Morocco,380.99
X2016,Mozambique,105.609
X2016,Myanmar,296.478
X2016,Namibia,28.993
X2016,Nepal,133.476
X2016,Netherlands,2469.158
X2016,New Zealand,792.198
X2016,Nicaragua,62.418
X2016,Niger,80.624
X2016,Nigeria,727.219
X2016,North Macedonia,33.211
X2016,Norway,1102.662
X2016,Oman,151.82
X2016,Pakistan,628.206
X2016,Panama,300.167
X2016,Papua New Guinea,32.958
X2016,Paraguay,82.467
X2016,Peru,540.925
X2016,Philippines,1105.139
X2016,Poland,1339.939
X2016,Portugal,1031.205
X2016,Qatar,511.628
X2016,"Congo, Rep.",24.864
X2016,Romania,421.221
X2016,Russian Federation,4315.362
X2016,Rwanda,59.765
X2016,Saudi Arabia,3917.472
X2016,Senegal,82.953
X2016,Serbia,125.399
X2016,Seychelles,3.819
X2016,Sierra Leone,28.832
X2016,Singapore,1800.777
X2016,Slovak Republic,237.568
X2016,Slovenia,146.49
X2016,"Korea, Rep.",5138.733
X2016,South Africa,785.01
X2016,Spain,6584.914
X2016,Sri Lanka,277.328
X2016,Sudan,188.488
X2016,Suriname,7.068
X2016,Sweden,1799.555
X2016,Switzerland,3102.679
X2016,Tajikistan,40.732
X2016,Tanzania,285.326
X2016,Thailand,984.904
X2016,Timor-Leste,7.429
X2016,Togo,34.418
X2016,Tunisia,120.512
X2016,Turkey,2178.11
X2016,Turkmenistan,36.516
X2016,Uganda,182.212
X2016,Ukraine,440.161
X2016,United Arab Emirates,1122.314
X2016,United Kingdom,13933.299
X2016,United States,60900.607
X2016,Uruguay,179.628
X2016,Uzbekistan,129.916
X2016,Vietnam,643.793
X2016,Zambia,84.73
X2016,Zimbabwe,73.593
X2017,Algeria,321.695
X2017,Albania,88.391
X2017,Angola,272.793
X2017,Argentina,1608.788
X2017,Armenia,61.998
X2017,Australia,4446.238
X2017,Austria,1936.609
X2017,Azerbaijan,196.128
X2017,Bahrain,152.645
X2017,Bangladesh,736.033
X2017,Belarus,142.06
X2017,Belgium,1847.226
X2017,Belize,7.921
X2017,Benin,46.718
X2017,Bhutan,9.489
X2017,Bolivia,132.638
X2017,Bosnia and Herzegovina,72.165
X2017,Botswana,32.691
X2017,Brazil,6360.605
X2017,Brunei Darussalam,17.271
X2017,Bulgaria,253
X2017,Burkina Faso,74.965
X2017,Burundi,39.355
X2017,Cambodia,123.731
X2017,Cameroon,120.926
X2017,Canada,5463.37
X2017,Chad,61.884
X2017,Chile,735.033
X2017,China,34122.973
X2017,Colombia,748.704
X2017,Costa Rica,245.051
X2017,Croatia,282.859
X2017,Cuba,250.657
X2017,Cyprus,144.195
X2017,Czech Republic,648.41
X2017,Denmark,1246.481
X2017,Dominican Republic,329.161
X2017,Ecuador,256.094
X2017,"Egypt, Arab Rep.",846.712
X2017,El Salvador,109.592
X2017,Equatorial Guinea,16.667
X2017,Estonia,105.836
X2017,Ethiopia,515.888
X2017,Fiji,17.876
X2017,Finland,722.999
X2017,France,15495.866
X2017,Gabon,20.474
X2017,"Gambia, The",11.148
X2017,Georgia,74.485
X2017,Germany,13039.524
X2017,Ghana,155.488
X2017,Greece,1058.184
X2017,Guatemala,238.686
X2017,Guinea,50.921
X2017,Guyana,10.136
X2017,Haiti,85.649
X2017,Honduras,104.008
X2017,Hungary,520.565
X2017,Iceland,68.222
X2017,India,6255.82
X2017,Indonesia,1947.488
X2017,"Iran, Islamic Rep.",695.001
X2017,Iraq,464.908
X2017,Ireland,891.168
X2017,Israel,827.155
X2017,Italy,13009.917
X2017,Cote d'Ivoire,117.688
X2017,Jamaica,128.172
X2017,Japan,25951.899
X2017,Jordan,238.098
X2017,Kazakhstan,297.473
X2017,Kenya,194.029
X2017,Kuwait,539.721
X2017,Kyrgyz Republic,44.101
X2017,Lao PDR,66.657
X2017,Latvia,90.447
X2017,Lebanon,406.56
X2017,Lesotho,10.766
X2017,Lithuania,135.896
X2017,Luxembourg,222.092
X2017,Madagascar,113.69
X2017,Malawi,63.806
X2017,Malaysia,1372.422
X2017,Malta,63.128
X2017,Mauritius,36.582
X2017,Mexico,3664.235
X2017,Moldova,49.551
X2017,Mongolia,36.358
X2017,Montenegro,24.704
X2017,Morocco,390.218
X2017,Mozambique,110.194
X2017,Myanmar,315.057
X2017,Namibia,27.418
X2017,Nepal,145.124
X2017,Netherlands,2706.165
X2017,New Zealand,836.915
X2017,Nicaragua,65.748
X2017,Niger,83.574
X2017,Nigeria,827.15
X2017,North Macedonia,35.546
X2017,Norway,1125.323
X2017,Oman,162.028
X2017,Pakistan,673.087
X2017,Panama,307.196
X2017,Papua New Guinea,35.074
X2017,Paraguay,82.734
X2017,Peru,555.05
X2017,Philippines,1208.568
X2017,Poland,1438.094
X2017,Portugal,1152.304
X2017,Qatar,540.955
X2017,"Congo, Rep.",27.018
X2017,Romania,467.208
X2017,Russian Federation,4686.268
X2017,Rwanda,63.172
X2017,Saudi Arabia,4155.043
X2017,Senegal,83.515
X2017,Serbia,136.259
X2017,Seychelles,4.023
X2017,Sierra Leone,29.751
X2017,Singapore,1967.668
X2017,Slovak Republic,257.57
X2017,Slovenia,158.122
X2017,"Korea, Rep.",5930.667
X2017,South Africa,758.584
X2017,Spain,6966.626
X2017,Sri Lanka,300.647
X2017,Sudan,193.488
X2017,Suriname,6.81
X2017,Sweden,1767.611
X2017,Switzerland,3132.611
X2017,Tajikistan,44.039
X2017,Tanzania,299.057
X2017,Thailand,1119.458
X2017,Timor-Leste,8.693
X2017,Togo,35.832
X2017,Tunisia,118.161
X2017,Turkey,2200.991
X2017,Turkmenistan,40.233
X2017,Uganda,187.74
X2017,Ukraine,464.908
X2017,United Arab Emirates,1168.749
X2017,United Kingdom,13717.771
X2017,United States,59993.125
X2017,Uruguay,186.168
X2017,Uzbekistan,140.087
X2017,Vietnam,721.821
X2017,Zambia,86.65
X2017,Zimbabwe,74.564
X2018,Algeria,331.471
X2018,Albania,96.292
X2018,Angola,307.43
X2018,Argentina,1605.804
X2018,Armenia,67.931
X2018,Australia,4943.582
X2018,Austria,2002.331
X2018,Azerbaijan,214.398
X2018,Bahrain,158.372
X2018,Bangladesh,871.07
X2018,Belarus,156.433
X2018,Belgium,2095.182
X2018,Belize,8.05
X2018,Benin,51.516
X2018,Bhutan,9.844
X2018,Bolivia,138.486
X2018,Bosnia and Herzegovina,78.837
X2018,Botswana,35.653
X2018,Brazil,6472.538
X2018,Brunei Darussalam,18.141
X2018,Bulgaria,273.084
X2018,Burkina Faso,83.28
X2018,Burundi,43.965
X2018,Cambodia,147.17
X2018,Cameroon,132.476
X2018,Canada,5806.876
X2018,Chad,68.249
X2018,Chile,791.482
X2018,China,39548.381
X2018,Colombia,800.965
X2018,Costa Rica,249.15
X2018,Croatia,304.353
X2018,Cuba,256.553
X2018,Cyprus,153.066
X2018,Czech Republic,711.196
X2018,Denmark,1321.355
X2018,Dominican Republic,337.832
X2018,Ecuador,265.736
X2018,"Egypt, Arab Rep.",983.529
X2018,El Salvador,114.365
X2018,Equatorial Guinea,17.069
X2018,Estonia,116.01
X2018,Ethiopia,565.39
X2018,Fiji,18.833
X2018,Finland,786.418
X2018,France,17327.802
X2018,Gabon,20.78
X2018,"Gambia, The",11.625
X2018,Georgia,86.687
X2018,Germany,14183.031
X2018,Ghana,171.372
X2018,Greece,1134.692
X2018,Guatemala,245.224
X2018,Guinea,56.377
X2018,Guyana,10.144
X2018,Haiti,87.194
X2018,Honduras,108.022
X2018,Hungary,561.334
X2018,Iceland,78.997
X2018,India,7744.827
X2018,Indonesia,2212.169
X2018,"Iran, Islamic Rep.",749.658
X2018,Iraq,495.338
X2018,Ireland,963.367
X2018,Israel,854.652
X2018,Italy,13764.787
X2018,Cote d'Ivoire,128.371
X2018,Jamaica,132.132
X2018,Japan,27578.61
X2018,Jordan,257.35
X2018,Kazakhstan,354.439
X2018,Kenya,207.87
X2018,Kuwait,537.78
X2018,Kyrgyz Republic,51.534
X2018,Lao PDR,77.701
X2018,Latvia,95.375
X2018,Lebanon,432.656
X2018,Lesotho,11.126
X2018,Lithuania,149.423
X2018,Luxembourg,241.666
X2018,Madagascar,124.574
X2018,Malawi,71.299
X2018,Malaysia,1643.482
X2018,Malta,69.166
X2018,Mauritius,38.802
X2018,Mexico,3861.532
X2018,Moldova,55.506
X2018,Mongolia,42.787
X2018,Montenegro,27.782
X2018,Morocco,424.566
X2018,Mozambique,122.877
X2018,Myanmar,369.797
X2018,Namibia,29.591
X2018,Nepal,173.291
X2018,Netherlands,3117.847
X2018,New Zealand,867.663
X2018,Nicaragua,69.438
X2018,Niger,92.718
X2018,Nigeria,944.791
X2018,North Macedonia,38.84
X2018,Norway,1153.651
X2018,Oman,178.469
X2018,Pakistan,782.027
X2018,Panama,319.356
X2018,Papua New Guinea,40.683
X2018,Paraguay,84.91
X2018,Peru,566.373
X2018,Philippines,1409.869
X2018,Poland,1579.843
X2018,Portugal,1300.301
X2018,Qatar,601.419
X2018,"Congo, Rep.",27.551
X2018,Romania,523.866
X2018,Russian Federation,5330.888
X2018,Rwanda,69.951
X2018,Saudi Arabia,4607.038
X2018,Senegal,89.587
X2018,Serbia,151.268
X2018,Seychelles,4.159
X2018,Sierra Leone,32.773
X2018,Singapore,2287.057
X2018,Slovak Republic,282.873
X2018,Slovenia,171.382
X2018,"Korea, Rep.",6633.615
X2018,South Africa,794.696
X2018,Spain,7363.818
X2018,Sri Lanka,346.777
X2018,Sudan,211.468
X2018,Suriname,6.353
X2018,Sweden,1833.533
X2018,Switzerland,3295.078
X2018,Tajikistan,53.106
X2018,Tanzania,329.458
X2018,Thailand,1323.059
X2018,Timor-Leste,9.272
X2018,Togo,39.453
X2018,Tunisia,130.771
X2018,Turkey,2426.224
X2018,Turkmenistan,47.553
X2018,Uganda,205.865
X2018,Ukraine,495.338
X2018,United Arab Emirates,1242.998
X2018,United Kingdom,14216.51
X2018,United States,61430.864
X2018,Uruguay,196.219
X2018,Uzbekistan,164.837
X2018,Vietnam,852.236
X2018,Zambia,94.699
X2018,Zimbabwe,80.535